match_entry_id, match_id, pokemon_id, is_winner, is_from_revival
0001, 001, 0355, 0, 0
0002, 001, 0527, 1, 0
0003, 002, 0536, 0, 0
0004, 002, 0058, 1, 0
0005, 003, 0765, 0, 0
0006, 003, 0782, 1, 0
0007, 004, 0275, 1, 0
0008, 004, 0737, 0, 0
0009, 005, 0115, 0, 0
0010, 005, 0558, 1, 0
0011, 006, 0628, 0, 0
0012, 006, 0399, 1, 0
0013, 007, 0369, 1, 0
0014, 007, 0424, 0, 0
0015, 008, 0607, 1, 0
0016, 008, 0419, 0, 0
0017, 009, 0251, 1, 0
0018, 009, 0156, 0, 0
0019, 010, 0114, 1, 0
0020, 010, 0786, 0, 0
0021, 011, 0541, 1, 0
0022, 011, 0257, 0, 0
0023, 012, 0083, 0, 0
0024, 012, 0035, 1, 0
0025, 013, 0135, 0, 0
0026, 013, 0582, 1, 0
0027, 014, 0188, 0, 0
0028, 014, 0407, 1, 0
0029, 015, 0087, 1, 0
0030, 015, 0278, 0, 0
0031, 016, 0749, 1, 0
0032, 016, 0724, 0, 0
0033, 017, 0394, 0, 0
0034, 017, 0387, 1, 0
0035, 018, 0583, 0, 0
0036, 018, 0225, 1, 0
0037, 019, 0201, 1, 0
0038, 019, 0761, 0, 0
0039, 020, 0178, 0, 0
0040, 020, 0802, 1, 0
0041, 021, 0626, 0, 0
0042, 021, 0722, 1, 0
0043, 022, 0633, 1, 0
0044, 022, 0698, 0, 0
0045, 023, 0747, 0, 0
0046, 023, 0147, 1, 0
0047, 024, 0246, 1, 0
0048, 024, 0159, 0, 0
0049, 025, 0012, 1, 0
0050, 025, 0654, 0, 0
0051, 026, 0540, 1, 0
0052, 026, 0756, 0, 0
0053, 027, 0299, 1, 0
0054, 027, 0580, 0, 0
0055, 028, 0094, 1, 0
0056, 028, 0531, 0, 0
0057, 029, 0408, 0, 0
0058, 029, 0284, 1, 0
0059, 030, 0184, 1, 0
0060, 030, 0421, 0, 0
0061, 031, 0295, 1, 0
0062, 031, 0661, 0, 0
0063, 032, 0025, 1, 0
0064, 032, 0457, 0, 0
0065, 033, 0706, 1, 0
0066, 033, 0456, 0, 0
0067, 034, 0695, 0, 0
0068, 034, 0252, 1, 0
0069, 035, 0569, 0, 0
0070, 035, 0417, 1, 0
0071, 036, 0352, 0, 0
0072, 036, 0741, 1, 0
0073, 037, 0298, 1, 0
0074, 037, 0125, 0, 0
0075, 038, 0726, 1, 0
0076, 038, 0368, 0, 0
0077, 039, 0552, 0, 0
0078, 039, 0250, 1, 0
0079, 040, 0752, 1, 0
0080, 040, 0556, 0, 0
0081, 041, 0721, 1, 0
0082, 041, 0124, 0, 0
0083, 042, 0682, 0, 0
0084, 042, 0712, 1, 0
0085, 043, 0744, 1, 0
0086, 043, 0056, 0, 0
0087, 044, 0446, 0, 0
0088, 044, 0803, 1, 0
0089, 045, 0624, 1, 0
0090, 045, 0315, 0, 0
0091, 046, 0559, 1, 0
0092, 046, 0262, 0, 0
0093, 047, 0074, 1, 0
0094, 047, 0185, 0, 0
0095, 048, 0109, 1, 0
0096, 048, 0190, 0, 0
0097, 049, 0086, 1, 0
0098, 049, 0650, 0, 0
0099, 050, 0363, 1, 0
0100, 050, 0021, 0, 0
0101, 051, 0603, 0, 0
0102, 051, 0677, 1, 0
0103, 052, 0377, 0, 0
0104, 052, 0067, 1, 0
0105, 053, 0168, 1, 0
0106, 053, 0454, 0, 0
0107, 054, 0797, 1, 0
0108, 054, 0738, 0, 0
0109, 055, 0024, 0, 0
0110, 055, 0179, 1, 0
0111, 056, 0279, 0, 0
0112, 056, 0565, 1, 0
0113, 057, 0519, 1, 0
0114, 057, 0367, 0, 0
0115, 058, 0402, 1, 0
0116, 058, 0546, 0, 0
0117, 059, 0296, 1, 0
0118, 059, 0316, 0, 0
0119, 060, 0503, 0, 0
0120, 060, 0255, 1, 0
0121, 061, 0523, 0, 0
0122, 061, 0054, 1, 0
0123, 062, 0127, 1, 0
0124, 062, 0431, 0, 0
0125, 063, 0514, 0, 0
0126, 063, 0340, 1, 0
0127, 064, 0100, 0, 0
0128, 064, 0482, 1, 0
0129, 065, 0288, 0, 0
0130, 065, 0480, 1, 0
0131, 066, 0697, 0, 0
0132, 066, 0249, 1, 0
0133, 067, 0547, 0, 0
0134, 067, 0270, 1, 0
0135, 068, 0783, 1, 0
0136, 068, 0337, 0, 0
0137, 069, 0476, 1, 0
0138, 069, 0423, 0, 0
0139, 070, 0496, 0, 0
0140, 070, 0450, 1, 0
0141, 071, 0155, 1, 0
0142, 071, 0247, 0, 0
0143, 072, 0434, 1, 0
0144, 072, 0709, 0, 0
0145, 073, 0452, 0, 0
0146, 073, 0351, 1, 0
0147, 074, 0758, 0, 0
0148, 074, 0597, 1, 0
0149, 075, 0502, 1, 0
0150, 075, 0755, 0, 0
0151, 076, 0655, 0, 0
0152, 076, 0501, 1, 0
0153, 077, 0507, 1, 0
0154, 077, 0348, 0, 0
0155, 078, 0641, 0, 0
0156, 078, 0415, 1, 0
0157, 079, 0584, 0, 0
0158, 079, 0111, 1, 0
0159, 080, 0625, 0, 0
0160, 080, 0792, 1, 0
0161, 081, 0039, 1, 0
0162, 081, 0113, 0, 0
0163, 082, 0006, 0, 0
0164, 082, 0202, 1, 0
0165, 083, 0674, 1, 0
0166, 083, 0742, 0, 0
0167, 084, 0692, 1, 0
0168, 084, 0110, 0, 0
0169, 085, 0781, 1, 0
0170, 085, 0715, 0, 0
0171, 086, 0495, 1, 0
0172, 086, 0736, 0, 0
0173, 087, 0158, 1, 0
0174, 087, 0530, 0, 0
0175, 088, 0265, 0, 0
0176, 088, 0259, 1, 0
0177, 089, 0464, 0, 0
0178, 089, 0699, 1, 0
0179, 090, 0658, 1, 0
0180, 090, 0189, 0, 0
0181, 091, 0199, 0, 0
0182, 091, 0425, 1, 0
0183, 092, 0392, 0, 0
0184, 092, 0133, 1, 0
0185, 093, 0059, 1, 0
0186, 093, 0081, 0, 0
0187, 094, 0435, 0, 0
0188, 094, 0599, 1, 0
0189, 095, 0543, 1, 0
0190, 095, 0020, 0, 0
0191, 096, 0382, 0, 0
0192, 096, 0330, 1, 0
0193, 097, 0477, 1, 0
0194, 097, 0604, 0, 0
0195, 098, 0728, 0, 0
0196, 098, 0774, 1, 0
0197, 099, 0092, 0, 0
0198, 099, 0098, 1, 0
0199, 100, 0161, 0, 0
0200, 100, 0773, 1, 0
0201, 101, 0448, 0, 0
0202, 101, 0317, 1, 0
0203, 102, 0525, 1, 0
0204, 102, 0398, 0, 0
0205, 103, 0231, 1, 0
0206, 103, 0681, 0, 0
0207, 104, 0280, 1, 0
0208, 104, 0375, 0, 0
0209, 105, 0197, 1, 0
0210, 105, 0685, 0, 0
0211, 106, 0461, 0, 0
0212, 106, 0215, 1, 0
0213, 107, 0085, 0, 0
0214, 107, 0301, 1, 0
0215, 108, 0429, 1, 0
0216, 108, 0445, 0, 0
0217, 109, 0801, 1, 0
0218, 109, 0589, 0, 0
0219, 110, 0606, 0, 0
0220, 110, 0570, 1, 0
0221, 111, 0117, 0, 0
0222, 111, 0011, 1, 0
0223, 112, 0319, 0, 0
0224, 112, 0443, 1, 0
0225, 113, 0211, 0, 0
0226, 113, 0065, 1, 0
0227, 114, 0243, 0, 0
0228, 114, 0332, 1, 0
0229, 115, 0705, 1, 0
0230, 115, 0405, 0, 0
0231, 116, 0416, 0, 0
0232, 116, 0805, 1, 0
0233, 117, 0390, 0, 0
0234, 117, 0653, 1, 0
0235, 118, 0084, 1, 0
0236, 118, 0467, 0, 0
0237, 119, 0475, 1, 0
0238, 119, 0438, 0, 0
0239, 120, 0472, 0, 0
0240, 120, 0287, 1, 0
0241, 121, 0097, 0, 0
0242, 121, 0532, 1, 0
0243, 122, 0441, 1, 0
0244, 122, 0381, 0, 0
0245, 123, 0791, 1, 0
0246, 123, 0537, 0, 0
0247, 124, 0324, 1, 0
0248, 124, 0166, 0, 0
0249, 125, 0134, 1, 0
0250, 125, 0827, 0, 0
0251, 126, 0253, 0, 0
0252, 126, 0076, 1, 0
0253, 127, 0688, 0, 0
0254, 127, 0336, 1, 0
0255, 128, 0613, 1, 0
0256, 128, 0680, 0, 0
0257, 129, 0283, 1, 0
0258, 129, 0509, 0, 0
0259, 130, 0289, 0, 0
0260, 130, 0007, 1, 0
0261, 131, 0635, 1, 0
0262, 131, 0256, 0, 0
0263, 132, 0090, 1, 0
0264, 132, 0091, 0, 0
0265, 133, 0347, 0, 0
0266, 133, 0157, 1, 0
0267, 134, 0661, 0, 0
0268, 134, 0860, 1, 0
0269, 135, 0700, 1, 0
0270, 135, 0833, 0, 0
0271, 136, 0587, 1, 0
0272, 136, 0122, 0, 0
0273, 137, 0553, 0, 0
0274, 137, 0335, 1, 0
0275, 138, 0422, 1, 0
0276, 138, 0029, 0, 0
0277, 139, 0205, 0, 0
0278, 139, 0825, 1, 0
0279, 140, 0578, 0, 0
0280, 140, 0754, 1, 0
0281, 141, 0047, 0, 0
0282, 141, 0611, 1, 0
0283, 142, 0162, 1, 0
0284, 142, 0632, 0, 0
0285, 143, 0841, 1, 0
0286, 143, 0266, 0, 0
0287, 144, 0651, 1, 0
0288, 144, 0591, 0, 0
0289, 145, 0229, 0, 0
0290, 145, 0866, 1, 0
0291, 146, 0610, 0, 0
0292, 146, 0034, 1, 0
0293, 147, 0545, 0, 0
0294, 147, 0636, 1, 0
0295, 148, 0391, 0, 0
0296, 148, 0103, 1, 0
0297, 149, 0598, 0, 0
0298, 149, 0865, 1, 0
0299, 150, 0808, 0, 0
0300, 150, 0263, 1, 0
0301, 151, 0667, 0, 0
0302, 151, 0396, 1, 0
0303, 152, 0520, 0, 0
0304, 152, 0433, 1, 0
0305, 153, 0292, 1, 0
0306, 153, 0834, 0, 0
0307, 154, 0331, 0, 0
0308, 154, 0177, 1, 0
0309, 155, 0194, 1, 0
0310, 155, 0123, 0, 0
0311, 156, 0500, 0, 0
0312, 156, 0843, 1, 0
0313, 157, 0040, 0, 0
0314, 157, 0822, 1, 0
0315, 158, 0585, 0, 0
0316, 158, 0760, 1, 0
0317, 159, 0096, 0, 0
0318, 159, 0629, 1, 0
0319, 160, 0882, 0, 0
0320, 160, 0787, 1, 0
0321, 161, 0868, 0, 0
0322, 161, 0622, 1, 0
0323, 162, 0082, 0, 0
0324, 162, 0473, 1, 0
0325, 163, 0878, 0, 0
0326, 163, 0204, 1, 0
0327, 164, 0564, 1, 0
0328, 164, 0753, 0, 0
0329, 165, 0733, 0, 0
0330, 165, 0061, 1, 0
0331, 166, 0526, 0, 0
0332, 166, 0346, 1, 0
0333, 167, 0731, 0, 0
0334, 167, 0701, 1, 0
0335, 168, 0601, 0, 0
0336, 168, 0855, 1, 0
0337, 169, 0799, 0, 0
0338, 169, 0291, 1, 0
0339, 170, 0504, 0, 0
0340, 170, 0309, 1, 0
0341, 171, 0353, 0, 0
0342, 171, 0872, 1, 0
0343, 172, 0444, 0, 0
0344, 172, 0856, 1, 0
0345, 173, 0193, 0, 0
0346, 173, 0869, 1, 0
0347, 174, 0820, 1, 0
0348, 174, 0318, 0, 0
0349, 175, 0140, 1, 0
0350, 175, 0010, 0, 0
0351, 176, 0634, 0, 0
0352, 176, 0005, 1, 0
0353, 177, 0030, 1, 0
0354, 177, 0684, 0, 0
0355, 178, 0358, 1, 0
0356, 178, 0220, 0, 0
0357, 179, 0673, 1, 0
0358, 179, 0836, 0, 0
0359, 180, 0617, 0, 0
0360, 180, 0772, 1, 0
0361, 181, 0828, 0, 0
0362, 181, 0770, 1, 0
0363, 182, 0538, 0, 0
0364, 182, 0022, 1, 0
0365, 183, 0639, 0, 0
0366, 183, 0483, 1, 0
0367, 184, 0385, 0, 0
0368, 184, 0842, 1, 0
0369, 185, 0050, 1, 0
0370, 185, 0066, 0, 0
0371, 186, 0672, 1, 0
0372, 186, 0230, 0, 0
0373, 187, 0142, 1, 0
0374, 187, 0069, 0, 0
0375, 188, 0703, 0, 0
0376, 188, 0285, 1, 0
0377, 189, 0269, 1, 0
0378, 189, 0876, 0, 0
0379, 190, 0044, 0, 0
0380, 190, 0164, 1, 0
0381, 191, 0339, 1, 0
0382, 191, 0645, 0, 0
0383, 192, 0716, 0, 0
0384, 192, 0835, 1, 0
0385, 193, 0238, 0, 0
0386, 193, 0857, 1, 0
0387, 194, 0608, 1, 0
0388, 194, 0055, 0, 0
0389, 195, 0427, 1, 0
0390, 195, 0576, 0, 0
0391, 196, 0174, 0, 0
0392, 196, 0710, 1, 0
0393, 197, 0757, 0, 0
0394, 197, 0426, 1, 0
0395, 198, 0539, 0, 0
0396, 198, 0207, 1, 0
0397, 199, 0239, 1, 0
0398, 199, 0106, 0, 0
0399, 200, 0593, 1, 0
0400, 200, 0130, 0, 0
0401, 201, 0664, 0, 0
0402, 201, 0409, 1, 0
0403, 202, 0663, 0, 0
0404, 202, 0322, 1, 0
0405, 203, 0462, 1, 0
0406, 203, 0717, 0, 0
0407, 204, 0341, 1, 0
0408, 204, 0579, 0, 0
0409, 205, 0769, 1, 0
0410, 205, 0078, 0, 0
0411, 206, 0566, 1, 0
0412, 206, 0779, 0, 0
0413, 207, 0072, 0, 0
0414, 207, 0226, 1, 0
0415, 208, 0326, 1, 0
0416, 208, 0268, 0, 0
0417, 209, 0554, 1, 0
0418, 209, 0306, 0, 0
0419, 210, 0175, 1, 0
0420, 210, 0191, 0, 0
0421, 211, 0222, 0, 0
0422, 211, 0864, 1, 0
0423, 212, 0060, 1, 0
0424, 212, 0560, 0, 0
0425, 213, 0146, 0, 0
0426, 213, 0273, 1, 0
0427, 214, 0694, 1, 0
0428, 214, 0649, 0, 0
0429, 215, 0479, 1, 0
0430, 215, 0748, 0, 0
0431, 216, 0777, 0, 0
0432, 216, 0143, 1, 0
0433, 217, 0586, 0, 0
0434, 217, 0099, 1, 0
0435, 218, 0261, 0, 0
0436, 218, 0816, 1, 0
0437, 219, 0637, 0, 0
0438, 219, 0153, 1, 0
0439, 220, 0242, 0, 0
0440, 220, 0395, 1, 0
0441, 221, 0714, 0, 0
0442, 221, 0354, 1, 0
0443, 222, 0729, 0, 0
0444, 222, 0615, 1, 0
0445, 223, 0333, 0, 0
0446, 223, 0383, 1, 0
0447, 224, 0043, 1, 0
0448, 224, 0093, 0, 0
0449, 225, 0817, 1, 0
0450, 225, 0766, 0, 0
0451, 226, 0735, 1, 0
0452, 226, 0571, 0, 0
0453, 227, 0224, 0, 0
0454, 227, 0049, 1, 0
0455, 228, 0788, 0, 0
0456, 228, 0038, 1, 0
0457, 229, 0508, 0, 0
0458, 229, 0152, 1, 0
0459, 230, 0656, 1, 0
0460, 230, 0659, 0, 0
0461, 231, 0678, 1, 0
0462, 231, 0192, 0, 0
0463, 232, 0361, 1, 0
0464, 232, 0308, 0, 0
0465, 233, 0853, 0, 0
0466, 233, 0235, 1, 0
0467, 234, 0812, 0, 0
0468, 234, 0173, 1, 0
0469, 235, 0118, 0, 0
0470, 235, 0254, 1, 0
0471, 236, 0824, 0, 0
0472, 236, 0359, 1, 0
0473, 237, 0487, 1, 0
0474, 237, 0851, 0, 0
0475, 238, 0036, 1, 0
0476, 238, 0739, 0, 0
0477, 239, 0376, 1, 0
0478, 239, 0420, 0, 0
0479, 240, 0800, 0, 0
0480, 240, 0778, 1, 0
0481, 241, 0798, 0, 0
0482, 241, 0200, 1, 0
0483, 242, 0062, 1, 0
0484, 242, 0647, 0, 0
0485, 243, 0646, 0, 0
0486, 243, 0236, 1, 0
0487, 244, 0102, 0, 0
0488, 244, 0490, 1, 0
0489, 245, 0522, 0, 0
0490, 245, 0167, 1, 0
0491, 246, 0687, 0, 0
0492, 246, 0371, 1, 0
0493, 247, 0365, 0, 0
0494, 247, 0214, 1, 0
0495, 248, 0406, 1, 0
0496, 248, 0463, 0, 0
0497, 249, 0848, 0, 0
0498, 249, 0327, 1, 0
0499, 250, 0796, 1, 0
0500, 250, 0439, 0, 0
0501, 251, 0871, 0, 0
0502, 251, 0762, 1, 0
0503, 252, 0182, 0, 0
0504, 252, 0776, 1, 0
0505, 253, 0149, 1, 0
0506, 253, 0001, 0, 0
0507, 254, 0126, 0, 0
0508, 254, 0374, 1, 0
0509, 255, 0176, 0, 0
0510, 255, 0430, 1, 0
0511, 256, 0148, 0, 0
0512, 256, 0120, 1, 0
0513, 257, 0272, 0, 0
0514, 257, 0459, 1, 0
0515, 258, 0411, 1, 0
0516, 258, 0890, 0, 0
0517, 259, 0671, 0, 0
0518, 259, 0859, 1, 0
0519, 260, 0720, 0, 0
0520, 260, 0160, 1, 0
0521, 261, 0883, 1, 0
0522, 261, 0896, 0, 0
0523, 262, 0474, 0, 0
0524, 262, 0693, 1, 0
0525, 263, 0095, 1, 0
0526, 263, 0719, 0, 0
0527, 264, 0813, 0, 0
0528, 264, 0743, 1, 0
0529, 265, 0469, 1, 0
0530, 265, 0807, 0, 0
0531, 266, 0186, 1, 0
0532, 266, 0403, 0, 0
0533, 267, 0513, 0, 0
0534, 267, 0362, 1, 0
0535, 268, 0198, 1, 0
0536, 268, 0271, 0, 0
0537, 269, 0881, 0, 0
0538, 269, 0666, 1, 0
0539, 270, 0643, 0, 0
0540, 270, 0260, 1, 0
0541, 271, 0879, 0, 0
0542, 271, 0104, 1, 0
0543, 272, 0499, 0, 0
0544, 272, 0413, 1, 0
0545, 273, 0016, 0, 0
0546, 273, 0232, 1, 0
0547, 274, 0594, 0, 0
0548, 274, 0847, 1, 0
0549, 275, 0150, 0, 0
0550, 275, 0806, 1, 0
0551, 276, 0740, 0, 0
0552, 276, 0557, 1, 0
0553, 277, 0360, 0, 0
0554, 277, 0596, 1, 0
0555, 278, 0302, 1, 0
0556, 278, 0548, 0, 0
0557, 279, 0449, 0, 0
0558, 279, 0132, 1, 0
0559, 280, 0077, 0, 0
0560, 280, 0686, 1, 0
0561, 281, 0572, 0, 0
0562, 281, 0746, 1, 0
0563, 282, 0892, 0, 0
0564, 282, 0704, 1, 0
0565, 283, 0592, 0, 0
0566, 283, 0338, 1, 0
0567, 284, 0505, 0, 0
0568, 284, 0208, 1, 0
0569, 285, 0618, 0, 0
0570, 285, 0213, 1, 0
0571, 286, 0555, 1, 0
0572, 286, 0631, 0, 0
0573, 287, 0163, 0, 0
0574, 287, 0172, 1, 0
0575, 288, 0888, 1, 0
0576, 288, 0723, 0, 0
0577, 289, 0460, 0, 0
0578, 289, 0203, 1, 0
0579, 290, 0180, 0, 0
0580, 290, 0237, 1, 0
0581, 291, 0233, 1, 0
0582, 291, 0498, 0, 0
0583, 292, 0311, 0, 0
0584, 292, 0141, 1, 0
0585, 293, 0551, 0, 0
0586, 293, 0154, 1, 0
0587, 294, 0621, 0, 0
0588, 294, 0210, 1, 0
0589, 295, 0485, 0, 0
0590, 295, 0497, 1, 0
0591, 296, 0350, 1, 0
0592, 296, 0528, 0, 0
0593, 297, 0372, 0, 0
0594, 297, 0897, 1, 0
0595, 298, 0644, 0, 0
0596, 298, 0767, 1, 0
0597, 299, 0561, 1, 0
0598, 299, 0366, 0, 0
0599, 300, 0839, 0, 0
0600, 300, 0196, 1, 0
0601, 301, 0370, 0, 0
0602, 301, 0590, 1, 0
0603, 302, 0567, 1, 0
0604, 302, 0893, 0, 0
0605, 303, 0831, 0, 0
0606, 303, 0241, 1, 0
0607, 304, 0810, 0, 0
0608, 304, 0031, 1, 0
0609, 305, 0401, 1, 0
0610, 305, 0388, 0, 0
0611, 306, 0329, 1, 0
0612, 306, 0432, 0, 0
0613, 307, 0119, 0, 0
0614, 307, 0053, 1, 0
0615, 308, 0116, 1, 0
0616, 308, 0804, 0, 0
0617, 309, 0129, 1, 0
0618, 309, 0046, 0, 0
0619, 310, 0486, 1, 0
0620, 310, 0614, 0, 0
0621, 311, 0516, 0, 0
0622, 311, 0609, 1, 0
0623, 312, 0274, 0, 0
0624, 312, 0297, 1, 0
0625, 313, 0248, 1, 0
0626, 313, 0013, 0, 0
0627, 314, 0206, 1, 0
0628, 314, 0181, 0, 0
0629, 315, 0171, 1, 0
0630, 315, 0325, 0, 0
0631, 316, 0195, 1, 0
0632, 316, 0258, 0, 0
0633, 317, 0379, 0, 0
0634, 317, 0885, 1, 0
0635, 318, 0045, 1, 0
0636, 318, 0493, 0, 0
0637, 319, 0004, 1, 0
0638, 319, 0063, 0, 0
0639, 320, 0101, 0, 0
0640, 320, 0015, 1, 0
0641, 321, 0042, 0, 0
0642, 321, 0707, 1, 0
0643, 322, 0410, 0, 0
0644, 322, 0734, 1, 0
0645, 323, 0854, 1, 0
0646, 323, 0484, 0, 0
0647, 324, 0683, 1, 0
0648, 324, 0764, 0, 0
0649, 325, 0121, 1, 0
0650, 325, 0763, 0, 0
0651, 326, 0221, 1, 0
0652, 326, 0003, 0, 0
0653, 327, 0393, 1, 0
0654, 327, 0751, 0, 0
0655, 328, 0870, 1, 0
0656, 328, 0512, 0, 0
0657, 329, 0809, 1, 0
0658, 329, 0455, 0, 0
0659, 330, 0468, 1, 0
0660, 330, 0139, 0, 0
0661, 331, 0488, 0, 0
0662, 331, 0875, 1, 0
0663, 332, 0670, 1, 0
0664, 332, 0544, 0, 0
0665, 333, 0323, 0, 0
0666, 333, 0303, 1, 0
0667, 334, 0264, 0, 0
0668, 334, 0219, 1, 0
0669, 335, 0492, 1, 0
0670, 335, 0373, 0, 0
0671, 336, 0386, 1, 0
0672, 336, 0305, 0, 0
0673, 337, 0328, 1, 0
0674, 337, 0873, 0, 0
0675, 338, 0640, 0, 0
0676, 338, 0708, 1, 0
0677, 339, 0019, 0, 0
0678, 339, 0008, 1, 0
0679, 340, 0136, 1, 0
0680, 340, 0727, 0, 0
0681, 341, 0759, 1, 0
0682, 341, 0517, 0, 0
0683, 342, 0470, 1, 0
0684, 342, 0064, 0, 0
0685, 343, 0108, 0, 0
0686, 343, 0300, 1, 0
0687, 344, 0073, 1, 0
0688, 344, 0267, 0, 0
0689, 345, 0277, 1, 0
0690, 345, 0529, 0, 0
0691, 346, 0187, 0, 0
0692, 346, 0784, 1, 0
0693, 347, 0518, 0, 0
0694, 347, 0453, 1, 0
0695, 348, 0702, 0, 0
0696, 348, 0404, 1, 0
0697, 349, 0845, 0, 0
0698, 349, 0478, 1, 0
0699, 350, 0889, 0, 0
0700, 350, 0041, 1, 0
0701, 351, 0524, 0, 0
0702, 351, 0240, 1, 0
0703, 352, 0877, 1, 0
0704, 352, 0310, 0, 0
0705, 353, 0595, 0, 0
0706, 353, 0823, 1, 0
0707, 354, 0494, 0, 0
0708, 354, 0071, 1, 0
0709, 355, 0568, 0, 0
0710, 355, 0389, 1, 0
0711, 356, 0535, 1, 0
0712, 356, 0652, 0, 0
0713, 357, 0630, 0, 0
0714, 357, 0471, 1, 0
0715, 358, 0320, 0, 0
0716, 358, 0131, 1, 0
0717, 359, 0397, 0, 0
0718, 359, 0107, 1, 0
0719, 360, 0414, 0, 0
0720, 360, 0412, 1, 0
0721, 361, 0840, 1, 0
0722, 361, 0581, 0, 0
0723, 362, 0696, 1, 0
0724, 362, 0819, 0, 0
0725, 363, 0314, 1, 0
0726, 363, 0574, 0, 0
0727, 364, 0811, 0, 0
0728, 364, 0668, 1, 0
0729, 365, 0533, 1, 0
0730, 365, 0436, 0, 0
0731, 366, 0861, 1, 0
0732, 366, 0428, 0, 0
0733, 367, 0312, 0, 0
0734, 367, 0895, 1, 0
0735, 368, 0276, 0, 0
0736, 368, 0216, 1, 0
0737, 369, 0080, 1, 0
0738, 369, 0068, 0, 0
0739, 370, 0070, 0, 0
0740, 370, 0165, 1, 0
0741, 371, 0014, 0, 0
0742, 371, 0466, 1, 0
0743, 372, 0228, 0, 0
0744, 372, 0105, 1, 0
0745, 373, 0838, 0, 0
0746, 373, 0307, 1, 0
0747, 374, 0679, 0, 0
0748, 374, 0852, 1, 0
0749, 375, 0217, 0, 0
0750, 375, 0364, 1, 0
0751, 376, 0489, 0, 0
0752, 376, 0027, 1, 0
0753, 377, 0057, 0, 0
0754, 377, 0780, 1, 0
0755, 378, 0837, 1, 0
0756, 378, 0815, 0, 0
0757, 379, 0858, 1, 0
0758, 379, 0562, 0, 0
0759, 380, 0785, 0, 0
0760, 380, 0550, 1, 0
0761, 381, 0829, 0, 0
0762, 381, 0002, 1, 0
0763, 382, 0017, 1, 0
0764, 382, 0790, 0, 0
0765, 383, 0344, 0, 0
0766, 383, 0418, 1, 0
0767, 384, 0151, 1, 0
0768, 384, 0894, 0, 0
0769, 385, 0874, 0, 0
0770, 385, 0223, 1, 0
0771, 386, 0343, 1, 0
0772, 386, 0732, 0, 0
0773, 387, 0357, 1, 0
0774, 387, 0898, 0, 0
0775, 388, 0440, 0, 0
0776, 388, 0849, 1, 0
0777, 389, 0638, 0, 0
0778, 389, 0826, 1, 0
0779, 390, 0867, 0, 0
0780, 390, 0023, 1, 0
0781, 391, 0623, 1, 0
0782, 391, 0212, 0, 0
0783, 392, 0290, 0, 0
0784, 392, 0605, 1, 0
0785, 393, 0669, 1, 0
0786, 393, 0313, 0, 0
0787, 394, 0886, 0, 0
0788, 394, 0768, 1, 0
0789, 395, 0321, 1, 0
0790, 395, 0832, 0, 0
0791, 396, 0534, 0, 0
0792, 396, 0378, 1, 0
0793, 397, 0689, 1, 0
0794, 397, 0481, 0, 0
0795, 398, 0775, 0, 0
0796, 398, 0863, 1, 0
0797, 399, 0793, 1, 0
0798, 399, 0891, 0, 0
0799, 400, 0880, 1, 0
0800, 400, 0137, 0, 0
0801, 401, 0033, 1, 0
0802, 401, 0789, 0, 0
0803, 402, 0818, 0, 0
0804, 402, 0304, 1, 0
0805, 403, 0515, 1, 0
0806, 403, 0750, 0, 0
0807, 404, 0675, 0, 0
0808, 404, 0648, 1, 0
0809, 405, 0642, 0, 0
0810, 405, 0334, 1, 0
0811, 406, 0573, 0, 0
0812, 406, 0218, 1, 0
0813, 407, 0244, 0, 0
0814, 407, 0771, 1, 0
0815, 408, 0138, 0, 0
0816, 408, 0384, 1, 0
0817, 409, 0884, 0, 0
0818, 409, 0491, 1, 0
0819, 410, 0713, 0, 0
0820, 410, 0048, 1, 0
0821, 411, 0245, 0, 0
0822, 411, 0037, 1, 0
0823, 412, 0349, 0, 0
0824, 412, 0183, 1, 0
0825, 413, 0862, 0, 0
0826, 413, 0051, 1, 0
0827, 414, 0657, 0, 0
0828, 414, 0227, 1, 0
0829, 415, 0844, 0, 0
0830, 415, 0521, 1, 0
0831, 416, 0145, 1, 0
0832, 416, 0075, 0, 0
0833, 417, 0676, 1, 0
0834, 417, 0830, 0, 0
0835, 418, 0088, 0, 0
0836, 418, 0026, 1, 0
0837, 419, 0234, 0, 0
0838, 419, 0506, 1, 0
0839, 420, 0293, 0, 0
0840, 420, 0730, 1, 0
0841, 421, 0458, 1, 0
0842, 421, 0846, 0, 0
0843, 422, 0745, 1, 0
0844, 422, 0400, 0, 0
0845, 423, 0619, 0, 0
0846, 423, 0144, 1, 0
0847, 424, 0549, 0, 0
0848, 424, 0169, 1, 0
0849, 425, 0542, 1, 0
0850, 425, 0588, 0, 0
0851, 426, 0028, 1, 0
0852, 426, 0018, 0, 0
0853, 427, 0356, 1, 0
0854, 427, 0627, 0, 0
0855, 428, 0447, 0, 0
0856, 428, 0442, 1, 0
0857, 429, 0294, 1, 0
0858, 429, 0612, 0, 0
0859, 430, 0286, 0, 0
0860, 430, 0112, 1, 0
0861, 431, 0616, 1, 0
0862, 431, 0795, 0, 0
0863, 432, 0794, 1, 0
0864, 432, 0850, 0, 0
0865, 433, 0602, 0, 0
0866, 433, 0620, 1, 0
0867, 434, 0821, 0, 0
0868, 434, 0660, 1, 0
0869, 435, 0887, 1, 0
0870, 435, 0170, 0, 0
0871, 436, 0128, 0, 0
0872, 436, 0711, 1, 0
0873, 437, 0032, 1, 0
0874, 437, 0691, 0, 0
0875, 438, 0451, 0, 0
0876, 438, 0665, 1, 0
0877, 439, 0282, 1, 0
0878, 439, 0575, 0, 0
0879, 440, 0814, 0, 0
0880, 440, 0089, 1, 0
0881, 441, 0465, 1, 0
0882, 441, 0342, 0, 0
0883, 442, 0079, 0, 0
0884, 442, 0563, 1, 0
0885, 443, 0577, 0, 0
0886, 443, 0009, 1, 0
0887, 444, 0281, 0, 0
0888, 444, 0052, 1, 0
0889, 445, 0725, 0, 0
0890, 445, 0209, 1, 0
0891, 446, 0718, 1, 0
0892, 446, 0345, 0, 0
0893, 447, 0437, 0, 0
0894, 447, 0690, 1, 0
0895, 448, 0380, 0, 0
0896, 448, 0511, 1, 0
0897, 449, 0510, 0, 0
0898, 449, 0600, 1, 0
0899, 450, 0048, 1, 0
0900, 450, 0412, 0, 0
0901, 451, 0880, 1, 0
0902, 451, 0801, 0, 0
0903, 452, 0226, 0, 0
0904, 452, 0784, 1, 0
0905, 453, 0127, 0, 0
0906, 453, 0805, 1, 0
0907, 454, 0236, 0, 0
0908, 454, 0587, 1, 0
0909, 455, 0195, 1, 0
0910, 455, 0458, 0, 0
0911, 456, 0869, 1, 0
0912, 456, 0672, 0, 0
0913, 457, 0364, 0, 0
0914, 457, 0877, 1, 0
0915, 458, 0116, 1, 0
0916, 458, 0283, 0, 0
0917, 459, 0109, 1, 0
0918, 459, 0041, 0, 0
0919, 460, 0196, 1, 0
0920, 460, 0255, 0, 0
0921, 461, 0168, 1, 0
0922, 461, 0052, 0, 0
0923, 462, 0354, 0, 0
0924, 462, 0059, 1, 0
0925, 463, 0389, 1, 0
0926, 463, 0653, 0, 0
0927, 464, 0294, 1, 0
0928, 464, 0857, 0, 0
0929, 465, 0558, 0, 0
0930, 465, 0409, 1, 0
0931, 466, 0065, 0, 0
0932, 466, 0346, 1, 0
0933, 467, 0285, 0, 0
0934, 467, 0216, 1, 0
0935, 468, 0362, 1, 0
0936, 468, 0374, 0, 0
0937, 469, 0613, 0, 0
0938, 469, 0114, 1, 0
0939, 470, 0521, 0, 0
0940, 470, 0564, 1, 0
0941, 471, 0863, 1, 0
0942, 471, 0413, 0, 0
0943, 472, 0491, 1, 0
0944, 472, 0858, 0, 0
0945, 473, 0201, 1, 0
0946, 473, 0131, 0, 0
0947, 474, 0806, 1, 0
0948, 474, 0600, 0, 0
0949, 475, 0759, 0, 0
0950, 475, 0297, 1, 0
0951, 476, 0395, 1, 0
0952, 476, 0803, 0, 0
0953, 477, 0427, 0, 0
0954, 477, 0173, 1, 0
0955, 478, 0043, 1, 0
0956, 478, 0329, 0, 0
0957, 479, 0107, 1, 0
0958, 479, 0897, 0, 0
0959, 480, 0823, 1, 0
0960, 480, 0658, 0, 0
0961, 481, 0860, 1, 0
0962, 481, 0840, 0, 0
0963, 482, 0495, 1, 0
0964, 482, 0309, 0, 0
0965, 483, 0089, 1, 0
0966, 483, 0273, 0, 0
0967, 484, 0689, 1, 0
0968, 484, 0820, 0, 0
0969, 485, 0749, 0, 0
0970, 485, 0711, 1, 0
0971, 486, 0282, 0, 0
0972, 486, 0304, 1, 0
0973, 487, 0335, 1, 0
0974, 487, 0542, 0, 0
0975, 488, 0336, 0, 0
0976, 488, 0152, 1, 0
0977, 489, 0218, 0, 0
0978, 489, 0791, 1, 0
0979, 490, 0154, 0, 0
0980, 490, 0760, 1, 0
0981, 491, 0240, 0, 0
0982, 491, 0327, 1, 0
0983, 492, 0706, 1, 0
0984, 492, 0746, 0, 0
0985, 493, 0030, 0, 0
0986, 493, 0186, 1, 0
0987, 494, 0888, 0, 0
0988, 494, 0330, 1, 0
0989, 495, 0554, 1, 0
0990, 495, 0673, 0, 0
0991, 496, 0105, 1, 0
0992, 496, 0466, 0, 0
0993, 497, 0477, 0, 0
0994, 497, 0787, 1, 0
0995, 498, 0726, 0, 0
0996, 498, 0073, 1, 0
0997, 499, 0708, 1, 0
0998, 499, 0778, 0, 0
0999, 500, 0378, 1, 0
1000, 500, 0676, 0, 0
1001, 501, 0570, 0, 0
1002, 501, 0122, 1, 1
1003, 502, 0497, 0, 0
1004, 502, 0870, 1, 0
1005, 503, 0134, 1, 0
1006, 503, 0295, 0, 0
1007, 504, 0049, 1, 0
1008, 504, 0782, 0, 0
1009, 505, 0171, 0, 0
1010, 505, 0861, 1, 0
1011, 506, 0817, 1, 0
1012, 506, 0227, 0, 0
1013, 507, 0341, 0, 0
1014, 507, 0037, 1, 0
1015, 508, 0184, 0, 0
1016, 508, 0351, 1, 0
1017, 509, 0401, 0, 0
1018, 509, 0859, 1, 0
1019, 510, 0699, 0, 0
1020, 510, 0149, 1, 0
1021, 511, 0145, 1, 0
1022, 511, 0038, 0, 0
1023, 512, 0120, 1, 0
1024, 512, 0221, 0, 0
1025, 513, 0557, 0, 0
1026, 513, 0443, 1, 0
1027, 514, 0172, 1, 0
1028, 514, 0112, 0, 0
1029, 515, 0326, 0, 0
1030, 515, 0744, 1, 0
1031, 516, 0561, 0, 0
1032, 516, 0328, 1, 0
1033, 517, 0249, 1, 0
1034, 517, 0259, 0, 0
1035, 518, 0854, 1, 0
1036, 518, 0023, 0, 0
1037, 519, 0039, 1, 0
1038, 519, 0015, 0, 0
1039, 520, 0771, 0, 0
1040, 520, 0151, 1, 0
1041, 521, 0298, 1, 0
1042, 521, 0792, 0, 0
1043, 522, 0475, 1, 0
1044, 522, 0239, 0, 0
1045, 523, 0359, 1, 0
1046, 523, 0490, 0, 0
1047, 524, 0251, 1, 0
1048, 524, 0098, 0, 0
1049, 525, 0483, 1, 0
1050, 525, 0418, 0, 0
1051, 526, 0816, 0, 0
1052, 526, 0292, 1, 0
1053, 527, 0473, 0, 0
1054, 527, 0718, 1, 0
1055, 528, 0158, 1, 0
1056, 528, 0866, 0, 0
1057, 529, 0441, 0, 0
1058, 529, 0696, 1, 0
1059, 530, 0669, 0, 0
1060, 530, 0223, 1, 0
1061, 531, 0567, 1, 0
1062, 531, 0847, 0, 0
1063, 532, 0459, 0, 0
1064, 532, 0683, 1, 0
1065, 533, 0338, 0, 0
1066, 533, 0147, 1, 0
1067, 534, 0635, 0, 0
1068, 534, 0752, 1, 0
1069, 535, 0852, 1, 0
1070, 535, 0535, 0, 0
1071, 536, 0721, 0, 0
1072, 536, 0502, 1, 0
1073, 537, 0140, 0, 0
1074, 537, 0284, 1, 0
1075, 538, 0506, 1, 0
1076, 538, 0371, 0, 0
1077, 539, 0515, 0, 0
1078, 539, 0324, 1, 0
1079, 540, 0480, 0, 0
1080, 540, 0768, 1, 0
1081, 541, 0677, 0, 0
1082, 541, 0270, 1, 0
1083, 542, 0887, 0, 0
1084, 542, 0793, 1, 0
1085, 543, 0165, 0, 0
1086, 543, 0034, 1, 0
1087, 544, 0607, 1, 0
1088, 544, 0022, 0, 0
1089, 545, 0609, 1, 0
1090, 545, 0396, 0, 0
1091, 546, 0241, 1, 0
1092, 546, 0430, 0, 0
1093, 547, 0296, 1, 0
1094, 547, 0036, 0, 0
1095, 548, 0369, 1, 0
1096, 548, 0086, 0, 0
1097, 549, 0062, 1, 0
1098, 549, 0555, 0, 0
1099, 550, 0665, 0, 0
1100, 550, 0340, 1, 0
1101, 551, 0772, 1, 0
1102, 551, 0478, 0, 0
1103, 552, 0670, 0, 0
1104, 552, 0009, 1, 0
1105, 553, 0317, 0, 0
1106, 553, 0722, 1, 0
1107, 554, 0277, 0, 0
1108, 554, 0263, 1, 0
1109, 555, 0875, 1, 0
1110, 555, 0656, 0, 0
1111, 556, 0487, 0, 0
1112, 556, 0214, 1, 0
1113, 557, 0453, 1, 0
1114, 557, 0899, 0, 0
1115, 558, 0356, 0, 0
1116, 558, 0465, 1, 0
1117, 559, 0864, 1, 0
1118, 559, 0796, 0, 0
1119, 560, 0616, 0, 0
1120, 560, 0357, 1, 0
1121, 561, 0232, 1, 0
1122, 561, 0611, 0, 0
1123, 562, 0743, 1, 0
1124, 562, 0033, 0, 0
1125, 563, 0011, 0, 0
1126, 563, 0902, 1, 0
1127, 564, 0666, 0, 0
1128, 564, 0291, 1, 0
1129, 565, 0774, 0, 0
1130, 565, 0730, 1, 0
1131, 566, 0233, 1, 0
1132, 566, 0343, 0, 0
1133, 567, 0563, 0, 0
1134, 567, 0026, 1, 0
1135, 568, 0202, 1, 0
1136, 568, 0007, 0, 0
1137, 569, 0299, 0, 0
1138, 569, 0712, 1, 0
1139, 570, 0469, 0, 0
1140, 570, 0794, 1, 0
1141, 571, 0822, 1, 0
1142, 571, 0121, 0, 0
1143, 572, 0511, 0, 0
1144, 572, 0590, 1, 0
1145, 573, 0025, 1, 0
1146, 573, 0482, 0, 0
1147, 574, 0080, 1, 0
1148, 574, 0200, 0, 0
1149, 575, 0855, 1, 0
1150, 575, 0623, 0, 0
1151, 576, 0321, 0, 0
1152, 576, 0303, 1, 0
1153, 577, 0872, 0, 0
1154, 577, 0686, 1, 0
1155, 578, 0770, 1, 0
1156, 578, 0678, 0, 0
1157, 579, 0593, 0, 0
1158, 579, 0207, 1, 0
1159, 580, 0735, 0, 0
1160, 580, 0668, 1, 0
1161, 581, 0314, 0, 0
1162, 581, 0071, 1, 0
1163, 582, 0783, 0, 0
1164, 582, 0260, 1, 0
1165, 583, 0620, 1, 0
1166, 583, 0724, 0, 1
1167, 584, 0386, 1, 0
1168, 584, 0543, 0, 0
1169, 585, 0169, 1, 0
1170, 585, 0596, 0, 0
1171, 586, 0492, 0, 0
1172, 586, 0393, 1, 0
1173, 587, 0660, 0, 0
1174, 587, 0004, 1, 0
1175, 588, 0856, 0, 0
1176, 588, 0300, 1, 0
1177, 589, 0883, 1, 0
1178, 589, 0250, 0, 0
1179, 590, 0050, 0, 0
1180, 590, 0198, 1, 0
1181, 591, 0468, 1, 0
1182, 591, 0835, 0, 0
1183, 592, 0525, 1, 0
1184, 592, 0741, 0, 0
1185, 593, 0141, 1, 0
1186, 593, 0434, 0, 0
1187, 594, 0470, 1, 0
1188, 594, 0841, 0, 0
1189, 595, 0486, 1, 0
1190, 595, 0773, 0, 0
1191, 596, 0442, 0, 0
1192, 596, 0017, 1, 0
1193, 597, 0231, 1, 0
1194, 597, 0825, 0, 0
1195, 598, 0426, 1, 0
1196, 598, 0132, 0, 0
1197, 599, 0615, 1, 0
1198, 599, 0532, 0, 0
1199, 600, 0406, 0, 0
1200, 600, 0111, 1, 0
1201, 601, 0334, 1, 0
1202, 601, 0237, 0, 0
1203, 602, 0608, 1, 0
1204, 602, 0705, 0, 0
1205, 603, 0693, 1, 0
1206, 603, 0550, 0, 0
1207, 604, 0837, 0, 0
1208, 604, 0028, 1, 0
1209, 605, 0527, 1, 0
1210, 605, 0103, 0, 0
1211, 606, 0710, 1, 0
1212, 606, 0674, 0, 0
1213, 607, 0032, 1, 0
1214, 607, 0248, 0, 0
1215, 608, 0597, 0, 0
1216, 608, 0358, 1, 0
1217, 609, 0053, 0, 0
1218, 609, 0246, 1, 0
1219, 610, 0429, 0, 0
1220, 610, 0425, 1, 0
1221, 611, 0582, 1, 0
1222, 611, 0809, 0, 0
1223, 612, 0162, 1, 0
1224, 612, 0826, 0, 0
1225, 613, 0002, 0, 0
1226, 613, 0206, 1, 0
1227, 614, 0694, 0, 0
1228, 614, 0399, 1, 0
1229, 615, 0605, 1, 0
1230, 615, 0183, 0, 0
1231, 616, 0754, 1, 0
1232, 616, 0280, 0, 0
1233, 617, 0144, 1, 0
1234, 617, 0479, 0, 0
1235, 618, 0194, 1, 0
1236, 618, 0376, 0, 0
1237, 619, 0215, 1, 0
1238, 619, 0843, 0, 0
1239, 620, 0074, 0, 0
1240, 620, 0849, 1, 0
1241, 621, 0203, 1, 0
1242, 621, 0067, 0, 0
1243, 622, 0269, 1, 0
1244, 622, 0519, 0, 0
1245, 623, 0175, 1, 0
1246, 623, 0476, 0, 0
1247, 624, 0636, 0, 0
1248, 624, 0225, 1, 0
1249, 625, 0252, 1, 0
1250, 625, 0422, 0, 0
1251, 626, 0129, 0, 0
1252, 626, 0177, 1, 0
1253, 627, 0061, 1, 0
1254, 627, 0501, 0, 0
1255, 628, 0651, 0, 0
1256, 628, 0383, 1, 0
1257, 629, 0407, 0, 0
1258, 629, 0387, 1, 0
1259, 630, 0197, 1, 0
1260, 630, 0404, 0, 0
1261, 631, 0160, 1, 0
1262, 631, 0031, 0, 0
1263, 632, 0275, 0, 0
1264, 632, 0008, 1, 0
1265, 633, 0462, 0, 0
1266, 633, 0208, 1, 0
1267, 634, 0622, 1, 0
1268, 634, 0402, 0, 0
1269, 635, 0167, 0, 0
1270, 635, 0219, 1, 0
1271, 636, 0767, 0, 0
1272, 636, 0104, 1, 0
1273, 637, 0213, 1, 0
1274, 637, 0210, 0, 0
1275, 638, 0094, 0, 0
1276, 638, 0762, 1, 0
1277, 639, 0540, 0, 0
1278, 639, 0701, 1, 0
1279, 640, 0155, 1, 0
1280, 640, 0633, 0, 0
1281, 641, 0781, 0, 0
1282, 641, 0648, 1, 0
1283, 642, 0060, 0, 0
1284, 642, 0045, 1, 0
1285, 643, 0302, 1, 0
1286, 643, 0885, 0, 0
1287, 644, 0802, 1, 0
1288, 644, 0339, 0, 0
1289, 645, 0332, 0, 0
1290, 645, 0700, 1, 0
1291, 646, 0005, 0, 0
1292, 646, 0012, 1, 0
1293, 647, 0797, 1, 0
1294, 647, 0704, 0, 0
1295, 648, 0027, 1, 0
1296, 648, 0164, 0, 0
1297, 649, 0533, 0, 0
1298, 649, 0745, 1, 0
1299, 650, 0350, 1, 0
1300, 650, 0384, 0, 0
1301, 651, 0363, 1, 0
1302, 651, 0142, 0, 0
1303, 652, 0235, 1, 0
1304, 652, 0692, 0, 0
1305, 653, 0099, 1, 0
1306, 653, 0559, 0, 0
1307, 654, 0307, 0, 0
1308, 654, 0204, 1, 0
1309, 655, 0734, 0, 0
1310, 655, 0287, 1, 0
1311, 656, 0450, 0, 0
1312, 656, 0690, 1, 0
1313, 657, 0301, 1, 0
1314, 657, 0411, 0, 0
1315, 658, 0035, 1, 0
1316, 658, 0322, 0, 0
1317, 659, 0707, 1, 0
1318, 659, 0051, 0, 0
1319, 660, 0084, 1, 0
1320, 660, 0136, 0, 0
1321, 661, 0090, 0, 0
1322, 661, 0433, 1, 0
1323, 662, 0566, 0, 0
1324, 662, 0143, 1, 0
1325, 663, 0157, 1, 0
1326, 663, 0471, 0, 0
1327, 664, 0541, 1, 0
1328, 664, 0624, 0, 0
1329, 665, 0865, 0, 0
1330, 665, 0254, 0, 0
1331, 666, 0361, 0, 0
1332, 666, 0780, 0, 0
1333, 667, 0076, 0, 0
1334, 667, 0209, 0, 0
1335, 668, 0133, 0, 0
1336, 668, 0417, 0, 0
1337, 669, 0629, 0, 0
1338, 669, 0599, 0, 0
1339, 670, 0842, 0, 0
1340, 670, 0054, 0, 0
1341, 671, 0153, 0, 0
1342, 671, 0895, 0, 0
1343, 672, 0507, 0, 0
1344, 672, 0415, 0, 0
1345, 673, 0179, 0, 0
1346, 673, 0776, 0, 0
1347, 674, 0095, 0, 0
1348, 674, 0087, 0, 0
1349, 675, 0565, 0, 0
1350, 675, 0058, 0, 0
1351, 676, 0769, 0, 0
1352, 676, 0423, 0, 1